{
  "materials": [
    {
      "item": {
        "type": "forge:partial_nbt",
        "item": "tacz:modern_kinetic_gun",
        "nbt": {
          "GunId": "gz:lvoa_c"
        }
      },
      "count": 1
    },
    {
      "item": {
        "tag": "forge:ingots/copper"
      },
      "count": 120
    },
    {
      "item": {
        "tag": "forge:dusts/redstone"
      },
      "count": 32
    },
    {
      "item": {
        "tag": "forge:ingots/netherite"
      },
      "count": 8
    }
  ],
  "result": {
    "type": "gun",
    "id": "gz:m4_exotic_t2"
  },
  "type": "tacz:gun_smith_table_crafting"
}