{
    "model": "gz:gun/m4_exotic_t2_geo",
    "texture": "gz:gun/uv/m4_exotic_t2",
    "lod": {
        "model": "gz:gun/m4_exotic_t2",
        "texture": "gz:gun/m4_exotic_t2"
    },
    "hud": "gz:gun/hud/m4_exotic_t2",
    "slot": "gz:gun/slot/m4_exotic_t2",
    "animation": "gz:m4_exotic_t2",
    "use_default_animation": "rifle",
    "third_person_animation": "default",
    "transform": {
        "scale": {
            "thirdperson": [
                0.6,
                0.6,
                0.6
            ],
            "ground": [
                0.6,
                0.6,
                0.6
            ],
            "fixed": [
                1.2,
                1.2,
                1.2
            ]
        }
    },
    "muzzle_flash": {
        "texture": "tacz:flash/common_muzzle_flash",
        "scale": 0.5
    },
    "shell": {
        "initial_velocity": [
            5,
            2,
            1
        ],
        "random_velocity": [
            1,
            1,
            0.25
        ],
        "acceleration": [
            0.0,
            -10,
            0.0
        ],
        "angular_velocity": [
            360,
            -1200,
            90
        ],
        "living_time": 1.0
    },
    "iron_zoom": 2.0,
    "zoom_model_fov": 45,
    "sounds": {
        "shoot": "gz:m4_exotic_t2/m4_exotic_t2_shoot",
        "shoot_3p": "gz:m4_exotic_t2/m4_exotic_t2_shoot_3p",
        "draw": "tacz:m16a4/m16a4_draw",
        "put_away": "tacz:m16a4/m16a4_put_away"
    }
}