{
    "model": "gz:gun/m700_carbon_geo",
    "texture": "gz:gun/uv/m700_carbon",
    "lod": {
        "model": "gz:gun/m700_carbon",
        "texture": "gz:gun/m700_carbon"
    },
    "hud": "gz:gun/hud/m700_carbon",
    "slot": "gz:gun/slot/m700_carbon",
    "animation": "gz:m24",
    "use_default_animation": "rifle",
    "third_person_animation": "default",
    "transform": {
        "scale": {
            "thirdperson": [
                0.6,
                0.6,
                0.6
            ],
            "ground": [
                0.6,
                0.6,
                0.6
            ],
            "fixed": [
                1.2,
                1.2,
                1.2
            ]
        }
    },
    "muzzle_flash": {
        "texture": "tacz:flash/common_muzzle_flash",
        "scale": 0.5
    },
    "shell": {
        "initial_velocity": [
            5,
            2,
            1
        ],
        "random_velocity": [
            1,
            1,
            0.25
        ],
        "acceleration": [
            0.0,
            -10,
            0.0
        ],
        "angular_velocity": [
            360,
            -1200,
            90
        ],
        "living_time": 1.0
    },
    "iron_zoom": 1.0,
    "zoom_model_fov": 45,
    "sounds": {
        "shoot": "gz:m24/m24_shoot",
        "shoot_3p": "gz:m24/m24_shoot_3p",
        "silence": "gz:m24/m24_silence",
        "silence_3p": "gz:m24/m24_silence_3p",
        "draw": "tacz:m700/m700_draw",
        "put_away": "tacz:m700/m700_put_away",
        "melee_push": "tacz:melee_stock/melee_stock_02",
        "melee_stock": "tacz:melee_stock/melee_stock_03"
    },
    "offhand_show": {
        "pos": [
            -2,
            20,
            4
        ],
        "rotate": [
            0,
            0,
            45
        ],
        "scale": [
            0.5,
            0.5,
            0.5
        ]
    },
    "hotbar_show": {
        "0": {
            "pos": [
                -4,
                26,
                3
            ],
            "rotate": [
                -90,
                -5,
                -90
            ],
            "scale": [
                0.5,
                0.5,
                0.5
            ]
        }
    }
}