{
  "model": "gz:gun/navy_mp5n_geo",
  "texture": "gz:gun/uv/navy_mp5n",
  "lod": {
    "model": "gz:gun/navy_mp5n",
    "texture": "gz:gun/navy_mp5n"
  },
  "hud": "gz:gun/hud/navy_mp5n",
  "slot": "gz:gun/slot/navy_mp5n",
  "animation": "gz:mp5",
  "use_default_animation": "rifle",
  "third_person_animation": "default",
  "transform": {
    "scale": {
      "thirdperson": [
        0.6,
        0.6,
        0.6
      ],
      "ground": [
        0.6,
        0.6,
        0.6
      ],
      "fixed": [
        1.2,
        1.2,
        1.2
      ]
    }
  },
  "muzzle_flash": {
    "texture": "tacz:flash/common_muzzle_flash",
    "scale": 0.6
  },
  "shell": {
    "initial_velocity": [
      5,
      2,
      1
    ],
    "random_velocity": [
      1,
      1,
      0.25
    ],
    "acceleration": [
      0.0,
      -10,
      0.0
    ],
    "angular_velocity": [
      360,
      -1200,
      90
    ],
    "living_time": 1.0
  },
  "sounds": {
    "shoot": "gz:mp5/mp5_shoot",
    "shoot_3p": "gz:mp5/mp5_shoot_3p",
    "draw": "tacz:hk_mp5a5/hk_mp5a5_draw",
    "put_away": "tacz:hk_mp5a5/hk_mp5a5_put_away",
    "silence": "gz:mp5/mp5_silence",
    "silence_3p": "tacz:hk_mp5a5/hk_mp5a5_silence_3p"
  },
  "offhand_show": {
    "pos": [
      1,
      20,
      4
    ],
    "rotate": [
      0,
      0,
      45
    ],
    "scale": [
      0.5,
      0.5,
      0.5
    ]
  },
  "hotbar_show": {
    "0": {
      "pos": [
        1,
        16,
        -2
      ],
      "rotate": [
        0,
        0,
        20
      ],
      "scale": [
        0.5,
        0.5,
        0.5
      ]
    }
  }
}